Workbook

Sheet Okuyun
A1: Dincel Çelik – Ürün ve Barkod Listesi (Düzeltme Talebi)
A2: Bu dosya, gönderdiğiniz iki listenin birleşimidir: "Ürün Listesi" sayfasındaki ilk liste + sonradan gönderdiğiniz "barkod_listesi.xlsx".
A3: İsteğiniz üzerine barkod_listesi.xlsx'teki COŞ_D, EFG ve Lüx maşa 805 / 806 / 807 satırları çıkarıldı. Kontrol tarihi: 04.10.2026.
A5: Ne yapmanız gerekiyor?
A6: "Ürün Listesi" sayfasında sağdaki yeni sütunlara bakın. "Durum" sütunu DÜZELTME GEREKLİ olan satırlarda "Not" sütunu sorunu ve ne yapılacağını anlatır.
A7: Lütfen yalnızca koyu başlıklı SARI sütunları doldurun:
A8: • Doğru Barkod: Ürünün kutusunda/etiketinde yazan, o ürüne ait 13 haneli barkod.
A9: • Doğru Ürün Kodu: Kod boş ya da yanlışsa doğru DNC kodu (örnek: DNC-175). Doğruysa boş bırakın.
A10: • Üretici Açıklaması: Kısa açıklama (örnek: "715 Pasta Maşası'na ait", "üretimden kalktı", "listeden çıkarılsın").
A11: "Durum" sütununa filtre uygulayıp yalnızca DÜZELTME GEREKLİ satırlarını görebilirsiniz. TAMAM satırlarında işlem gerekmez.
A12: Diğer sütunlara ve sayfalara (Özet, Kontrol Edilecekler, Fotoğraflar) dokunmanız gerekmiyor.
A14: Örnek doldurulmuş satır
A15: Ürün Kodu | B15: Barkod Değeri | C15: Durum | D15: Not (ne yapılmalı) | E15: Doğru Barkod | F15: Doğru Ürün Kodu | G15: Üretici Açıklaması
A16: DNC-175 | B16: 8683613550715 | C16: DÜZELTME GEREKLİ | D16: 8683613550715 barkodu şu ürün(ler)de de kullanılmış: DNC-038 (Damla Pasta Maşası)… | E16: 8683613550XXX | G16: 715 barkodu DNC-038 Pasta Maşası'na ait; Mira Gold kepçeye yeni barkod verildi.
A17: ("XXX" yalnızca örnektir; gerçek barkodu yazın.)
A19: Durum özeti
A20: TAMAM | B20: =COUNTIF('Ürün Listesi'!$Q$2:$Q$217,"TAMAM")
A21: DÜZELTME GEREKLİ | B21: =COUNTIF('Ürün Listesi'!$Q$2:$Q$217,"DÜZELTME GEREKLİ")
A22: Toplam satır | B22: =COUNTA('Ürün Listesi'!$A$2:$A$217)
A23: Doldurulan "Doğru Barkod" | B23: =COUNTA('Ürün Listesi'!$S$2:$S$217)

Sheet Ürün Listesi
A1: Ürün Kodu | B1: Standart Ürün Adı | C1: Ana Kategori | D1: Alt Kategori | E1: Model / Seri | F1: Kaplama | G1: Paket | H1: Paketteki Adet | I1: Çelik | J1: Barkod Dosyası (.btw) | K1: Kodla Eşleşen Foto | L1: Klasör | M1: Orijinal Dosya Adı | N1: Kontrol Notu | O1: Barkod Değeri | P1: Barkod – barkod_listesi.xlsx | Q1: Durum | R1: Not (ne yapılmalı) | S1: Doğru Barkod | T1: Doğru Ürün Kodu | U1: Üretici Açıklaması
A2: DNC-097 | B2: Platin Dondurma Kaşığı (6'lı) | C2: Kaşık | D2: Dondurma Kaşığı | E2: Platin | F2: Sade | G2: 6'lı | H2: 6 | J2: DNC-097 6'LI PLATİN DONDURMA KAŞIK.btw | K2: DNC-097 6'LI PLATİN DONDURMA KAŞIK.jpeg | L2: PLATİN | M2: DNC-097 6'LI PLATİN DONDURMA KAŞIK | O2: 8683613550081 | P2: 8683613550081 | Q2: TAMAM
A3: DNC-008 | B3: Platin Dondurma Kaşığı (12'li) | C3: Kaşık | D3: Dondurma Kaşığı | E3: Platin | F3: Sade | G3: 12'li (1 DZ) | H3: 12 | J3: DNC-008 1 DZ PLATİN DONDURMA KAŞIK.btw | L3: PLATİN | M3: DNC-008 1 DZ PLATİN DONDURMA KAŞIK | O3: 8683581657089 | P3: 8683581657089 | Q3: TAMAM
A4: DNC-155 | B4: Platin Dondurma Kaşığı Titanium (6'lı) | C4: Kaşık | D4: Dondurma Kaşığı | E4: Platin | F4: Titanium | G4: 6'lı | H4: 6 | J4: DNC-155 6,LI TİTANİUM DONDURMA KAŞIK.btw | K4: DNC_155 6,LIGOLD DONDURMAKAŞIK.jpeg, DNC_155 6,LIGOLDDONDURMAKAŞIKKUTULU.jpeg | L4: PLATİN | M4: DNC-155 6,LI TİTANİUM DONDURMA KAŞIK | N4: Barkod adı 'TİTANİUM', fotoğraf adları 'GOLD' diyor — kaplamayı teyit et. | O4: 8683613550784 | P4: 8683613550784 | Q4: DÜZELTME GEREKLİ | R4: 8683613550784 barkodu şu ürün(ler)de de kullanılmış: DNC-143 (DNC_143 OKYANUS SOS SERVİS KAŞIK); DNC-182 (DNC_182 LİLİUM GÜMÜŞ AMBER SOS SERVİS SET); DNC-042 (DNC-042 MAŞA SET GOLD BEYAZ). Bir barkod yalnızca tek bir ürüne ait olmalı. Bu ürünün kutusundaki/etiketindeki gerçek barkodu yazın; bu barkod başka ürüne aitse bu ürüne yeni barkod verin.
A5: DNC-096 | B5: Platin Nescafe Kaşığı (6'lı) | C5: Kaşık | D5: Nescafe Kaşığı | E5: Platin | F5: Sade | G5: 6'lı | H5: 6 | J5: DNC-096 6,LI PLATİN NESCAFE KAŞIK.btw | K5: DNC_096 6,LI NESTCAFE KAŞIK.jpeg | L5: PLATİN | M5: DNC-096 6,LI PLATİN NESCAFE KAŞIK | O5: 8683613550074 | P5: 8683613550074 | Q5: TAMAM
A6: DNC-009 | B6: Platin Nescafe Kaşığı (12'li) | C6: Kaşık | D6: Nescafe Kaşığı | E6: Platin | F6: Sade | G6: 12'li (1 DZ) | H6: 12 | J6: DNC-009 1 DZ PLATİN NESCAFE KAŞIK.btw | L6: PLATİN | M6: DNC-009 1 DZ PLATİN NESCAFE KAŞIK | O6: 8683581657072 | P6: 8683581657072 | Q6: TAMAM
A7: DNC-029 | B7: Platin Nescafe Kaşığı Titanium (6'lı) | C7: Kaşık | D7: Nescafe Kaşığı | E7: Platin | F7: Titanium | G7: 6'lı | H7: 6 | J7: DNC-029 PLATİN 6,LI NESTCAFE KAŞIK TİTANİUM.btw | L7: PLATİN | M7: DNC-029 PLATİN 6,LI NESTCAFE KAŞIK TİTANİUM | O7: 8683581657560 | P7: 8683581657560 | Q7: TAMAM
A8: DNC-092 | B8: Platin Tatlı Kaşığı (6'lı) | C8: Kaşık | D8: Tatlı Kaşığı | E8: Platin | F8: Sade | G8: 6'lı | H8: 6 | J8: DNC-092 PLATİN 6'LI TATLI KAŞIK.btw | L8: PLATİN | M8: DNC-092 PLATİN 6'LI TATLI KAŞIK | O8: 8683613550036 | P8: 8683613550036 | Q8: DÜZELTME GEREKLİ | R8: 8683613550036 barkodu şu ürün(ler)de de kullanılmış: DNC-181 (DNC_181 ORKİDE ÇAY KAŞIK 6,LI SADE). Bir barkod yalnızca tek bir ürüne ait olmalı. Bu ürünün kutusundaki/etiketindeki gerçek barkodu yazın; bu barkod başka ürüne aitse bu ürüne yeni barkod verin.
A9: DNC-003 | B9: Platin Tatlı Kaşığı (12'li) | C9: Kaşık | D9: Tatlı Kaşığı | E9: Platin | F9: Sade | G9: 12'li (1 DZ) | H9: 12 | J9: DNC-003 1 DZ PLATİN TATLI KAŞIK.btw | L9: PLATİN | M9: DNC-003 1 DZ PLATİN TATLI KAŞIK | O9: 8683581657034 | P9: 8683581657034 | Q9: TAMAM
A10: DNC-188 | B10: Platin Tatlı Kaşığı Titanium (6'lı) | C10: Kaşık | D10: Tatlı Kaşığı | E10: Platin | F10: Titanium | G10: 6'lı | H10: 6 | J10: DNC_188 PLATİN TATLI KAŞIK TİTANİUM 6,LI.btw | L10: PLATİN | M10: DNC_188 PLATİN TATLI KAŞIK TİTANİUM 6,LI | O10: 8683613550845 | P10: 8683613550845 | Q10: TAMAM
A11: DNC-100 | B11: Gümüş Tatlı Kaşığı (6'lı) | C11: Kaşık | D11: Tatlı Kaşığı | E11: Gümüş | F11: Sade | G11: 6'lı | H11: 6 | J11: DNC-100 6'LI GÜMÜŞ TATLI KAŞIK.btw | L11: GÜMÜŞ | M11: DNC-100 6'LI GÜMÜŞ TATLI KAŞIK | O11: 8683613550128 | P11: 8683613550128 | Q11: TAMAM
A12: DNC-052 | B12: Gümüş Tatlı Kaşığı (12'li) | C12: Kaşık | D12: Tatlı Kaşığı | E12: Gümüş | F12: Sade | G12: 12'li (1 DZ) | H12: 12 | J12: DNC-0052 1 DZ GÜMÜŞ TATLI KAŞIK.btw | L12: GÜMÜŞ | M12: DNC-0052 1 DZ GÜMÜŞ TATLI KAŞIK | N12: Kod yazımı hatalı: 'DNC-0052' → 'DNC-052' olmalı. | O12: 8683581657201 | P12: 8683581657201 | Q12: TAMAM
A13: DNC-107 | B13: Okyanus Tatlı Kaşığı (6'lı) | C13: Kaşık | D13: Tatlı Kaşığı | E13: Okyanus | F13: Sade | G13: 6'lı | H13: 6 | J13: DNC-107 6'LI OKYANUS TATLI KAŞIK.btw | L13: OKYANUS | M13: DNC-107 6'LI OKYANUS TATLI KAŞIK | O13: 8683613550197 | P13: 8683613550197 | Q13: TAMAM
A14: DNC-068 | B14: Okyanus Tatlı Kaşığı (12'li) | C14: Kaşık | D14: Tatlı Kaşığı | E14: Okyanus | F14: Sade | G14: 12'li (1 DZ) | H14: 12 | J14: DNC-068 1 DZ OKYANUS TATLI KAŞIK.btw | L14: OKYANUS | M14: DNC-068 1 DZ OKYANUS TATLI KAŞIK | O14: 8683581657324 | P14: 8683581657294 | Q14: DÜZELTME GEREKLİ | R14: • Bu listedeki barkod (8683581657324) ile barkod_listesi.xlsx'teki barkod (8683581657294) farklı. Hangisi doğru? • 8683581657294 barkodu şu ürün(ler)de de kullanılmış: DNC-066 (Okyanus Yemek Kaşığı (12'li)). Bir barkod yalnızca tek bir ürüne ait olmalı. Bu ürünün kutusundaki/etiketindeki gerçek barkodu yazın; bu barkod başka ürüne aitse bu ürüne yeni barkod verin. • 8683581657324 barkodu şu ürün(ler)de de kullanılmış: DNC-070 (Okyanus Çay Kaşığı (12'li)). Bir barkod yalnızca tek bir ürüne ait olmalı. Bu ürünün kutusundaki/etiketindeki gerçek barkodu yazın; bu barkod başka ürüne aitse bu ürüne yeni barkod verin.
A15: DNC-113 | B15: Gökkuşağı Tatlı Kaşığı (6'lı) | C15: Kaşık | D15: Tatlı Kaşığı | E15: Gökkuşağı | F15: Sade | G15: 6'lı | H15: 6 | J15: DNC-113 6'LI GÖKKUŞAK TATLI KAŞIK.btw | L15: GÖKKUŞAĞI | M15: DNC-113 6'LI GÖKKUŞAK TATLI KAŞIK | O15: 8683613550258 | P15: 8683613550258 | Q15: TAMAM
A16: DNC-080 | B16: Gökkuşağı Tatlı Kaşığı (12'li) | C16: Kaşık | D16: Tatlı Kaşığı | E16: Gökkuşağı | F16: Sade | G16: 12'li (1 DZ) | H16: 12 | J16: DNC-080 1 DZ GÖKKUŞAK TATLI KAŞIK.btw | L16: GÖKKUŞAĞI | M16: DNC-080 1 DZ GÖKKUŞAK TATLI KAŞIK | O16: 8683581657386 | P16: 8683581657386 | Q16: TAMAM
A17: DNC-089 | B17: Platin Yemek Kaşığı (6'lı) | C17: Kaşık | D17: Yemek Kaşığı | E17: Platin | F17: Sade | G17: 6'lı | H17: 6 | J17: DNC-089 PLATİN 6'LI YEMEK KAŞIK.btw | L17: PLATİN | M17: DNC-089 PLATİN 6'LI YEMEK KAŞIK | O17: 8683613550005 | P17: 8683613550005 | Q17: DÜZELTME GEREKLİ | R17: 8683613550005 barkodu şu ürün(ler)de de kullanılmış: DNC-207 (DNC_207 5,Lİ GOLD BLACK SERVİS SET). Bir barkod yalnızca tek bir ürüne ait olmalı. Bu ürünün kutusundaki/etiketindeki gerçek barkodu yazın; bu barkod başka ürüne aitse bu ürüne yeni barkod verin.
A18: DNC-001 | B18: Platin Yemek Kaşığı (12'li) | C18: Kaşık | D18: Yemek Kaşığı | E18: Platin | F18: Sade | G18: 12'li (1 DZ) | H18: 12 | J18: DNC-001 1 DZ PLATİN YEMEK KAŞIK.btw | L18: PLATİN | M18: DNC-001 1 DZ PLATİN YEMEK KAŞIK | O18: 8683581657003 | P18: 8683581657003 | Q18: DÜZELTME GEREKLİ | R18: 8683581657003 barkodu şu ürün(ler)de de kullanılmış: DNC-077 (Okyanus 72 Parça Çatal-Kaşık-Bıçak Seti). Bir barkod yalnızca tek bir ürüne ait olmalı. Bu ürünün kutusundaki/etiketindeki gerçek barkodu yazın; bu barkod başka ürüne aitse bu ürüne yeni barkod verin.
A19: DNC-186 | B19: Platin Yemek Kaşığı Titanium (6'lı) | C19: Kaşık | D19: Yemek Kaşığı | E19: Platin | F19: Titanium | G19: 6'lı | H19: 6 | J19: DNC_186 PLATİN YEMEK KAŞIK TİTANİUM 6,LI.btw | L19: PLATİN | M19: DNC_186 PLATİN YEMEK KAŞIK TİTANİUM 6,LI | O19: 8683613550821 | P19: 8683613550821 | Q19: TAMAM
A20: DNC-098 | B20: Gümüş Yemek Kaşığı (6'lı) | C20: Kaşık | D20: Yemek Kaşığı | E20: Gümüş | F20: Sade | G20: 6'lı | H20: 6 | J20: DNC-098 6'LI GÜMÜŞ YEMEK KAŞIK.btw | L20: GÜMÜŞ | M20: DNC-098 6'LI GÜMÜŞ YEMEK KAŞIK | O20: 8683613550098 | P20: 8683613550098 | Q20: TAMAM
A21: DNC-050 | B21: Gümüş Yemek Kaşığı (12'li) | C21: Kaşık | D21: Yemek Kaşığı | E21: Gümüş | F21: Sade | G21: 12'li (1 DZ) | H21: 12 | J21: DNC-050 1 DZ GÜMÜŞ YEMEK KAŞIK.btw | L21: GÜMÜŞ | M21: DNC-050 1 DZ GÜMÜŞ YEMEK KAŞIK | O21: 8683581657171 | P21: 8683581657171 | Q21: TAMAM
A22: DNC-105 | B22: Okyanus Yemek Kaşığı (6'lı) | C22: Kaşık | D22: Yemek Kaşığı | E22: Okyanus | F22: Sade | G22: 6'lı | H22: 6 | J22: DNC-105 6'LI OKYANUS YEMEK KAŞIK.btw | L22: OKYANUS | M22: DNC-105 6'LI OKYANUS YEMEK KAŞIK | O22: 8683613550166 | P22: 8683613550166 | Q22: TAMAM
A23: DNC-066 | B23: Okyanus Yemek Kaşığı (12'li) | C23: Kaşık | D23: Yemek Kaşığı | E23: Okyanus | F23: Sade | G23: 12'li (1 DZ) | H23: 12 | J23: DNC-066 1 DZ OKYANUS YEMEK KAŞIK.btw | L23: OKYANUS | M23: DNC-066 1 DZ OKYANUS YEMEK KAŞIK | O23: 8683581657294 | Q23: DÜZELTME GEREKLİ | R23: • 8683581657294 barkodu şu ürün(ler)de de kullanılmış: DNC-068 (Okyanus Tatlı Kaşığı (12'li)). Bir barkod yalnızca tek bir ürüne ait olmalı. Bu ürünün kutusundaki/etiketindeki gerçek barkodu yazın; bu barkod başka ürüne aitse bu ürüne yeni barkod verin. • Bilgi: Bu ürün sonradan gönderdiğiniz barkod_listesi.xlsx'te yok. Ürün hâlâ üretiliyor mu?
A24: DNC-111 | B24: Gökkuşağı Yemek Kaşığı (6'lı) | C24: Kaşık | D24: Yemek Kaşığı | E24: Gökkuşağı | F24: Sade | G24: 6'lı | H24: 6 | J24: DNC-111 6'LI GÖKKUŞAK YEMEK KAŞIK.btw | L24: GÖKKUŞAĞI | M24: DNC-111 6'LI GÖKKUŞAK YEMEK KAŞIK | O24: 8683613550227 | P24: 8683613550227 | Q24: TAMAM
A25: DNC-078 | B25: Gökkuşağı Yemek Kaşığı (12'li) | C25: Kaşık | D25: Yemek Kaşığı | E25: Gökkuşağı | F25: Sade | G25: 12'li (1 DZ) | H25: 12 | J25: DNC-078 1 DZ GÖKKUŞAK YEMEK KAŞIK.btw | L25: GÖKKUŞAĞI | M25: DNC-078 1 DZ GÖKKUŞAK YEMEK KAŞIK | O25: 8683581657362 | P25: 8683581657362 | Q25: TAMAM
A26: DNC-125 | B26: Platin Çay Kaşığı Gold (12'li) | C26: Kaşık | D26: Çay Kaşığı | E26: Platin | F26: Gold | G26: 12'li (1 DZ) | H26: 12 | J26: DNC-125 1DZ PLATİN GOLD ÇAY KAŞIK.btw | L26: PLATİN | M26: DNC-125 1DZ PLATİN GOLD ÇAY KAŞIK | N26: Platin serisinde tek Gold ürün. | O26: 8683613550357 | P26: 8683613550357 | Q26: TAMAM
A27: DNC-093 | B27: Platin Çay Kaşığı (6'lı) | C27: Kaşık | D27: Çay Kaşığı | E27: Platin | F27: Sade | G27: 6'lı | H27: 6 | J27: DNC-093 PLATİN 6,LI ÇAY KAŞIK.btw | L27: PLATİN | M27: DNC-093 PLATİN 6,LI ÇAY KAŞIK | O27: 8683613550067 | P27: 8683613550067 | Q27: TAMAM
A28: DNC-005 | B28: Platin Çay Kaşığı (12'li) | C28: Kaşık | D28: Çay Kaşığı | E28: Platin | F28: Sade | G28: 12'li (1 DZ) | H28: 12 | J28: DNC-005 1 DZ PLATİN ÇAY KAŞIK.btw | L28: PLATİN | M28: DNC-005 1 DZ PLATİN ÇAY KAŞIK | O28: 8683581657058 | P28: 8683581657058 | Q28: TAMAM
A29: DNC-190 | B29: Platin Çay Kaşığı Titanium (6'lı) | C29: Kaşık | D29: Çay Kaşığı | E29: Platin | F29: Titanium | G29: 6'lı | H29: 6 | J29: DNC_190 PLATİN ÇAY KAŞIK TİTANİUM 6,LI.btw | L29: PLATİN | M29: DNC_190 PLATİN ÇAY KAŞIK TİTANİUM 6,LI | O29: 8683613550869 | P29: 8683613550869 | Q29: TAMAM
A30: DNC-102 | B30: Gümüş Çay Kaşığı (6'lı) | C30: Kaşık | D30: Çay Kaşığı | E30: Gümüş | F30: Sade | G30: 6'lı | H30: 6 | J30: DNC-102 6'LI GÜMÜŞ ÇAY KAŞIK.btw | L30: GÜMÜŞ | M30: DNC-102 6'LI GÜMÜŞ ÇAY KAŞIK | O30: 8683613550159 | P30: 8683613550159 | Q30: TAMAM
A31: DNC-054 | B31: Gümüş Çay Kaşığı (12'li) | C31: Kaşık | D31: Çay Kaşığı | E31: Gümüş | F31: Sade | G31: 12'li (1 DZ) | H31: 12 | J31: DNC-054 1 DZ GÜMÜŞ ÇAY KAŞIK.btw | L31: GÜMÜŞ | M31: DNC-054 1 DZ GÜMÜŞ ÇAY KAŞIK | O31: 8683581657225 | P31: 8683581657225 | Q31: TAMAM
A32: DNC-109 | B32: Okyanus Çay Kaşığı (6'lı) | C32: Kaşık | D32: Çay Kaşığı | E32: Okyanus | F32: Sade | G32: 6'lı | H32: 6 | J32: DNC-109 6'LI OKYANUS ÇAY KAŞIK.btw | L32: OKYANUS | M32: DNC-109 6'LI OKYANUS ÇAY KAŞIK | O32: 8683613550210 | P32: 8683613550210 | Q32: TAMAM
A33: DNC-070 | B33: Okyanus Çay Kaşığı (12'li) | C33: Kaşık | D33: Çay Kaşığı | E33: Okyanus | F33: Sade | G33: 12'li (1 DZ) | H33: 12 | J33: DNC-070 1 DZ OKYANUS ÇAY KAŞIK.btw | L33: OKYANUS | M33: DNC-070 1 DZ OKYANUS ÇAY KAŞIK | O33: 8683581657348 | P33: 8683581657324 | Q33: DÜZELTME GEREKLİ | R33: • Bu listedeki barkod (8683581657348) ile barkod_listesi.xlsx'teki barkod (8683581657324) farklı. Hangisi doğru? • 8683581657324 barkodu şu ürün(ler)de de kullanılmış: DNC-068 (Okyanus Tatlı Kaşığı (12'li)). Bir barkod yalnızca tek bir ürüne ait olmalı. Bu ürünün kutusundaki/etiketindeki gerçek barkodu yazın; bu barkod başka ürüne aitse bu ürüne yeni barkod verin. • 8683581657348 barkodu şu ürün(ler)de de kullanılmış: DNC-072 (OKYANUS 30 PRÇ ÇKB SET). Bir barkod yalnızca tek bir ürüne ait olmalı. Bu ürünün kutusundaki/etiketindeki gerçek barkodu yazın; bu barkod başka ürüne aitse bu ürüne yeni barkod verin.
A34: DNC-115 | B34: Gökkuşağı Çay Kaşığı (6'lı) | C34: Kaşık | D34: Çay Kaşığı | E34: Gökkuşağı | F34: Sade | G34: 6'lı | H34: 6 | J34: DNC-115 6'LI GÖKKUŞAK ÇAY KAŞIK.btw | L34: GÖKKUŞAĞI | M34: DNC-115 6'LI GÖKKUŞAK ÇAY KAŞIK | O34: 8683613550272 | P34: 8683613550272 | Q34: TAMAM
A35: DNC-082 | B35: Gökkuşağı Çay Kaşığı (12'li) | C35: Kaşık | D35: Çay Kaşığı | E35: Gökkuşağı | F35: Sade | G35: 12'li (1 DZ) | H35: 12 | J35: DNC-082 1 DZ GÖKKUŞAK ÇAY KAŞIK.btw | L35: GÖKKUŞAĞI | M35: DNC-082 1 DZ GÖKKUŞAK ÇAY KAŞIK | O35: 8683581657409 | P35: 8683581657409 | Q35: TAMAM
A36: DNC-091 | B36: Platin Tatlı Çatalı (6'lı) | C36: Çatal | D36: Tatlı Çatalı | E36: Platin | F36: Sade | G36: 6'lı | H36: 6 | J36: DNC-091 PLATİN 6'LI TATLI ÇATAL.btw | L36: PLATİN | M36: DNC-091 PLATİN 6'LI TATLI ÇATAL | O36: 8683613550043 | P36: 8683613550043 | Q36: TAMAM
A37: DNC-004 | B37: Platin Tatlı Çatalı (12'li) | C37: Çatal | D37: Tatlı Çatalı | E37: Platin | F37: Sade | G37: 12'li (1 DZ) | H37: 12 | J37: DNC-004 1 DZ PLATİN TATLI ÇATAL.btw | L37: PLATİN | M37: DNC-004 1 DZ PLATİN TATLI ÇATAL | O37: 8683581657041 | P37: 8683581657041 | Q37: TAMAM
A38: DNC-189 | B38: Platin Tatlı Çatalı Titanium (6'lı) | C38: Çatal | D38: Tatlı Çatalı | E38: Platin | F38: Titanium | G38: 6'lı | H38: 6 | J38: DNC_189 PLATİN TATLI ÇATAL TİTANİUM 6,LI.btw | L38: PLATİN | M38: DNC_189 PLATİN TATLI ÇATAL TİTANİUM 6,LI | O38: 8683613550852 | P38: 8683613550852 | Q38: TAMAM
A39: DNC-101 | B39: Gümüş Tatlı Çatalı (6'lı) | C39: Çatal | D39: Tatlı Çatalı | E39: Gümüş | F39: Sade | G39: 6'lı | H39: 6 | J39: DNC-101 6'LI GÜMÜŞ TATLI ÇATAL.btw | L39: GÜMÜŞ | M39: DNC-101 6'LI GÜMÜŞ TATLI ÇATAL | O39: 8683613550135 | P39: 8683613550135 | Q39: TAMAM
A40: DNC-053 | B40: Gümüş Tatlı Çatalı (12'li) | C40: Çatal | D40: Tatlı Çatalı | E40: Gümüş | F40: Sade | G40: 12'li (1 DZ) | H40: 12 | J40: DNC-053 1 DZ GÜMÜŞ TATLI ÇATAL.btw | L40: GÜMÜŞ | M40: DNC-053 1 DZ GÜMÜŞ TATLI ÇATAL | O40: 8683581657218 | P40: 8683581657218 | Q40: TAMAM
A41: DNC-108 | B41: Okyanus Tatlı Çatalı (6'lı) | C41: Çatal | D41: Tatlı Çatalı | E41: Okyanus | F41: Sade | G41: 6'lı | H41: 6 | J41: DNC-108 6'LI OKYANUS TATLI ÇATAL.btw | L41: OKYANUS | M41: DNC-108 6'LI OKYANUS TATLI ÇATAL | O41: 8683613550203 | P41: 8683613550203 | Q41: TAMAM
A42: DNC-069 | B42: Okyanus Tatlı Çatalı (12'li) | C42: Çatal | D42: Tatlı Çatalı | E42: Okyanus | F42: Sade | G42: 12'li (1 DZ) | H42: 12 | J42: DNC-069 1 DZ OKYANUS TATLI ÇATAL.btw | L42: OKYANUS | M42: DNC-069 1 DZ OKYANUS TATLI ÇATAL | O42: 8683581657331 | Q42: DÜZELTME GEREKLİ | R42: • 8683581657331 barkodu şu ürün(ler)de de kullanılmış: DNC-071 (Okyanus Yemek Bıçağı (12'li)). Bir barkod yalnızca tek bir ürüne ait olmalı. Bu ürünün kutusundaki/etiketindeki gerçek barkodu yazın; bu barkod başka ürüne aitse bu ürüne yeni barkod verin. • Bilgi: Bu ürün sonradan gönderdiğiniz barkod_listesi.xlsx'te yok. Ürün hâlâ üretiliyor mu?
A43: DNC-114 | B43: Gökkuşağı Tatlı Çatalı (6'lı) | C43: Çatal | D43: Tatlı Çatalı | E43: Gökkuşağı | F43: Sade | G43: 6'lı | H43: 6 | J43: DNC-114 6'LI GÖKKUŞAK TATLI ÇATAL.btw | L43: GÖKKUŞAĞI | M43: DNC-114 6'LI GÖKKUŞAK TATLI ÇATAL | O43: 8683613550265 | P43: 8683613550265 | Q43: TAMAM
A44: DNC-081 | B44: Gökkuşağı Tatlı Çatalı (12'li) | C44: Çatal | D44: Tatlı Çatalı | E44: Gökkuşağı | F44: Sade | G44: 12'li (1 DZ) | H44: 12 | J44: DNC-081 1 DZ GÖKKUŞAK TATLI ÇATAL.btw | L44: GÖKKUŞAĞI | M44: DNC-081 1 DZ GÖKKUŞAK TATLI ÇATAL | O44: 8683581657393 | P44: 8683581657393 | Q44: TAMAM
A45: DNC-090 | B45: Platin Yemek Çatalı (6'lı) | C45: Çatal | D45: Yemek Çatalı | E45: Platin | F45: Sade | G45: 6'lı | H45: 6 | J45: DNC-090 PLATİN 6'LI YEMEK ÇATAL.btw | L45: PLATİN | M45: DNC-090 PLATİN 6'LI YEMEK ÇATAL | O45: 8683613550012 | P45: 8683613550012 | Q45: DÜZELTME GEREKLİ | R45: 8683613550012 barkodu şu ürün(ler)de de kullanılmış: DNC-208 (DNC_208 5,Lİ MAT GOLD SERVİS SET). Bir barkod yalnızca tek bir ürüne ait olmalı. Bu ürünün kutusundaki/etiketindeki gerçek barkodu yazın; bu barkod başka ürüne aitse bu ürüne yeni barkod verin.
A46: DNC-002 | B46: Platin Yemek Çatalı (12'li) | C46: Çatal | D46: Yemek Çatalı | E46: Platin | F46: Sade | G46: 12'li (1 DZ) | H46: 12 | J46: DNC-002 1 DZ PLATİN YEMEK ÇATAL.btw | L46: PLATİN | M46: DNC-002 1 DZ PLATİN YEMEK ÇATAL | O46: 8683581657010 | P46: 8683581657010 | Q46: TAMAM
A47: DNC-187 | B47: Platin Yemek Çatalı Titanium (6'lı) | C47: Çatal | D47: Yemek Çatalı | E47: Platin | F47: Titanium | G47: 6'lı | H47: 6 | J47: DNC_187 PLATİN YEMEK ÇATAL TİTANİUM 6,LI.btw | L47: PLATİN | M47: DNC_187 PLATİN YEMEK ÇATAL TİTANİUM 6,LI | O47: 8683613550838 | P47: 8683613550838 | Q47: TAMAM
A48: DNC-099 | B48: Gümüş Yemek Çatalı (6'lı) | C48: Çatal | D48: Yemek Çatalı | E48: Gümüş | F48: Sade | G48: 6'lı | H48: 6 | J48: DNC-099 6'LI GÜMÜŞ YEMEK ÇATAL.btw | L48: GÜMÜŞ | M48: DNC-099 6'LI GÜMÜŞ YEMEK ÇATAL | O48: 8683613550104 | P48: 8683613550104 | Q48: TAMAM
A49: DNC-051 | B49: Gümüş Yemek Çatalı (12'li) | C49: Çatal | D49: Yemek Çatalı | E49: Gümüş | F49: Sade | G49: 12'li (1 DZ) | H49: 12 | J49: DNC-051 1 DZ GÜMÜŞ YEMEK ÇATAL.btw | L49: GÜMÜŞ | M49: DNC-051 1 DZ GÜMÜŞ YEMEK ÇATAL | O49: 8683581657188 | P49: 8683581657188 | Q49: TAMAM
A50: DNC-106 | B50: Okyanus Yemek Çatalı (6'lı) | C50: Çatal | D50: Yemek Çatalı | E50: Okyanus | F50: Sade | G50: 6'lı | H50: 6 | J50: DNC-106 6'LI OKYANUS YEMEK ÇATAL.btw | L50: OKYANUS | M50: DNC-106 6'LI OKYANUS YEMEK ÇATAL | O50: 8683613550173 | P50: 8683613550173 | Q50: TAMAM
A51: DNC-067 | B51: Okyanus Yemek Çatalı (12'li) | C51: Çatal | D51: Yemek Çatalı | E51: Okyanus | F51: Sade | G51: 12'li (1 DZ) | H51: 12 | J51: DNC-067 1 DZ OKYANUS YEMEK ÇATAL.btw | L51: OKYANUS | M51: DNC-067 1 DZ OKYANUS YEMEK ÇATAL | O51: 8683581657300 | P51: 8683581657300 | Q51: TAMAM
A52: DNC-112 | B52: Gökkuşağı Yemek Çatalı (6'lı) | C52: Çatal | D52: Yemek Çatalı | E52: Gökkuşağı | F52: Sade | G52: 6'lı | H52: 6 | J52: DNC-112 6'LI GÖKKUŞAK YEMEK ÇATAL.btw | L52: GÖKKUŞAĞI | M52: DNC-112 6'LI GÖKKUŞAK YEMEK ÇATAL | O52: 8683613550234 | P52: 8683613550234 | Q52: TAMAM
A53: DNC-079 | B53: Gökkuşağı Yemek Çatalı (12'li) | C53: Çatal | D53: Yemek Çatalı | E53: Gökkuşağı | F53: Sade | G53: 12'li (1 DZ) | H53: 12 | J53: DNC-079 1 DZ GÖKKUŞAK YEMEK ÇATAL.btw | L53: GÖKKUŞAĞI | M53: DNC-079 1 DZ GÖKKUŞAK YEMEK ÇATAL | O53: 8683581657454 | P53: 8683581657454 | Q53: TAMAM
A54: DNC-095 | B54: Platin Pasta Bıçağı (3'lü) | C54: Bıçak | D54: Pasta Bıçağı | E54: Platin | F54: Sade | G54: 3'lü | H54: 3 | J54: DNC-095 3'LÜ PLATİN PASTA BIÇAK.btw | L54: PLATİN | M54: DNC-095 3'LÜ PLATİN PASTA BIÇAK | O54: 8683613550050 | P54: 8683613550050 | Q54: TAMAM
A55: DNC-007 | B55: Platin Pasta Bıçağı (12'li) | C55: Bıçak | D55: Pasta Bıçağı | E55: Platin | F55: Sade | G55: 12'li (1 DZ) | H55: 12 | J55: DNC-007 1 DZ PLATİN PASTA BIÇAK.btw | L55: PLATİN | M55: DNC-007 1 DZ PLATİN PASTA BIÇAK | O55: 8683581657065 | P55: 8683581657065 | Q55: TAMAM
A56: DNC-192 | B56: Platin Pasta Bıçağı Titanium (3'lü) | C56: Bıçak | D56: Pasta Bıçağı | E56: Platin | F56: Titanium | G56: 3'lü | H56: 3 | J56: DNC_192 PLATİN PASTA BIÇAK TİTANİUM 3,LÜ.btw | L56: PLATİN | M56: DNC_192 PLATİN PASTA BIÇAK TİTANİUM 3,LÜ | O56: 8683613550883 | P56: 8683613550883 | Q56: TAMAM
A57: DNC-103 | B57: Gümüş Pasta Bıçağı (3'lü) | C57: Bıçak | D57: Pasta Bıçağı | E57: Gümüş | F57: Sade | G57: 3'lü | H57: 3 | J57: DNC-103 3'LÜ GÜMÜŞ PASTA BIÇAK.btw | L57: GÜMÜŞ | M57: DNC-103 3'LÜ GÜMÜŞ PASTA BIÇAK | O57: 8683613550142 | P57: 8683613550142 | Q57: TAMAM
A58: DNC-056 | B58: Gümüş Pasta Bıçağı (12'li) | C58: Bıçak | D58: Pasta Bıçağı | E58: Gümüş | F58: Sade | G58: 12'li (1 DZ) | H58: 12 | J58: DNC-056 1 DZ GÜMÜŞ PASTA BIÇAK.btw | L58: GÜMÜŞ | M58: DNC-056 1 DZ GÜMÜŞ PASTA BIÇAK | O58: 8683581657232 | P58: 8683581657232 | Q58: TAMAM
A59: DNC-094 | B59: Platin Yemek Bıçağı (3'lü) | C59: Bıçak | D59: Yemek Bıçağı | E59: Platin | F59: Sade | G59: 3'lü | H59: 3 | J59: DNC-094 3'LI PLATİN YEMEK BIÇAK.btw | L59: PLATİN | M59: DNC-094 3'LI PLATİN YEMEK BIÇAK | O59: 8683613550029 | P59: 8683613550029 | Q59: DÜZELTME GEREKLİ | R59: 8683613550029 barkodu şu ürün(ler)de de kullanılmış: DNC-209 (Zerafet 5'li Sunum Servis Seti Antik Gold). Bir barkod yalnızca tek bir ürüne ait olmalı. Bu ürünün kutusundaki/etiketindeki gerçek barkodu yazın; bu barkod başka ürüne aitse bu ürüne yeni barkod verin.
A60: DNC-006 | B60: Platin Yemek Bıçağı (12'li) | C60: Bıçak | D60: Yemek Bıçağı | E60: Platin | F60: Sade | G60: 12'li (1 DZ) | H60: 12 | J60: DNC-006 1 DZ PLATİN YEMEK BIÇAK.btw | L60: PLATİN | M60: DNC-006 1 DZ PLATİN YEMEK BIÇAK | O60: 8683581657027 | P60: 8683581657027 | Q60: TAMAM
A61: DNC-191 | B61: Platin Yemek Bıçağı Titanium (3'lü) | C61: Bıçak | D61: Yemek Bıçağı | E61: Platin | F61: Titanium | G61: 3'lü | H61: 3 | J61: DNC_191 PLATİN YEMEK BIÇAK TİTANİUM 3,LÜ.btw | L61: PLATİN | M61: DNC_191 PLATİN YEMEK BIÇAK TİTANİUM 3,LÜ | O61: 8683613550876 | P61: 8683613550876 | Q61: TAMAM
A62: DNC-104 | B62: Gümüş Yemek Bıçağı (3'lü) | C62: Bıçak | D62: Yemek Bıçağı | E62: Gümüş | F62: Sade | G62: 3'lü | H62: 3 | J62: DNC-104 3'LÜ GÜMÜŞ YEMEK BIÇAK.btw | L62: GÜMÜŞ | M62: DNC-104 3'LÜ GÜMÜŞ YEMEK BIÇAK | O62: 8683613550111 | P62: 8683613550111 | Q62: TAMAM
A63: DNC-055 | B63: Gümüş Yemek Bıçağı (12'li) | C63: Bıçak | D63: Yemek Bıçağı | E63: Gümüş | F63: Sade | G63: 12'li (1 DZ) | H63: 12 | J63: DNC-055 1 DZ GÜMÜŞ YEMEK BIÇAK.btw | L63: GÜMÜŞ | M63: DNC-055 1 DZ GÜMÜŞ YEMEK BIÇAK | O63: 8683581657195 | P63: 8683581657195 | Q63: TAMAM
A64: DNC-110 | B64: Okyanus Yemek Bıçağı (3'lü) | C64: Bıçak | D64: Yemek Bıçağı | E64: Okyanus | F64: Sade | G64: 3'lü | H64: 3 | J64: DNC-110 3'LÜ OKYANUS YEMEK BIÇAK.btw | L64: OKYANUS | M64: DNC-110 3'LÜ OKYANUS YEMEK BIÇAK | O64: 8683613550180 | P64: 8683613550180 | Q64: TAMAM
A65: DNC-071 | B65: Okyanus Yemek Bıçağı (12'li) | C65: Bıçak | D65: Yemek Bıçağı | E65: Okyanus | F65: Sade | G65: 12'li (1 DZ) | H65: 12 | J65: DNC-071 1 DZ OKYANUS YEMEK BIÇAK.btw | L65: OKYANUS | M65: DNC-071 1 DZ OKYANUS YEMEK BIÇAK | O65: 8683581657317 | P65: 8683581657317 / 8683581657331 | Q65: DÜZELTME GEREKLİ | R65: • Sonradan gönderdiğiniz barkod_listesi.xlsx'te bu DNC kodu 2 farklı ürüne verilmiş: DNC-071 1 DZ OKYANUS TATLI ÇATAL (barkod 8683581657331); DNC-071 1 DZ OKYANUS YEMEK BIÇAK (barkod 8683581657317). Bir kod yalnızca tek ürüne ait olmalı. Ürünlerden birine yeni bir DNC kodu verin ('Doğru Ürün Kodu' sütunu) ve hangisinin hangi barkodu taşıdığını belirtin. • Bu listedeki barkod (8683581657317) ile barkod_listesi.xlsx'teki barkod (8683581657317, 8683581657331) farklı. Hangisi doğru? • 8683581657331 barkodu şu ürün(ler)de de kullanılmış: DNC-069 (Okyanus Tatlı Çatalı (12'li)). Bir barkod yalnızca tek bir ürüne ait olmalı. Bu ürünün kutusundaki/etiketindeki gerçek barkodu yazın; bu barkod başka ürüne aitse bu ürüne yeni barkod verin.
A66: DNC-116 | B66: Gökkuşağı Yemek Bıçağı (3'lü) | C66: Bıçak | D66: Yemek Bıçağı | E66: Gökkuşağı | F66: Sade | G66: 3'lü | H66: 3 | J66: DNC-116 3'LÜ GÖKKUŞAK YEMEK BIÇAK.btw | L66: GÖKKUŞAĞI | M66: DNC-116 3'LÜ GÖKKUŞAK YEMEK BIÇAK | O66: 8683613550241 | P66: 8683613550241 | Q66: TAMAM
A67: DNC-083 | B67: Gökkuşağı Yemek Bıçağı (12'li) | C67: Bıçak | D67: Yemek Bıçağı | E67: Gökkuşağı | F67: Sade | G67: 12'li (1 DZ) | H67: 12 | J67: DNC-083 1 DZ GÖKKUŞAK YEMEK BIÇAK.btw | L67: GÖKKUŞAĞI | M67: DNC-083 1 DZ GÖKKUŞAK YEMEK BIÇAK | O67: 8683581657379 | P67: 8683581657379 | Q67: TAMAM
A68: DNC-122 | B68: Gümüş 30 Parça Çatal-Kaşık-Bıçak Seti | C68: Çatal-Kaşık-Bıçak Seti | D68: 30 parça set | E68: Gümüş | F68: Sade | G68: 30 parça | H68: 30 | J68: DNC-122 GÜMÜŞ 30 PRÇ ÇKB SET.btw | L68: GÜMÜŞ | M68: DNC-122 GÜMÜŞ 30 PRÇ ÇKB SET | O68: 8683581657713 | P68: 8683581657980 | Q68: DÜZELTME GEREKLİ | R68: • Bu listede bu DNC kodu 2 farklı ürüne verilmiş: Gümüş 30 Parça Çatal-Kaşık-Bıçak Seti (barkod 8683581657713); 6'LI MİDYE GOLD (ALTIN) (barkod 8683581657980). Bir kod yalnızca tek ürüne ait olmalı. Ürünlerden birine yeni bir DNC kodu verin ('Doğru Ürün Kodu' sütunu) ve hangisinin hangi barkodu taşıdığını belirtin. • Bu listedeki barkod (8683581657713, 8683581657980) ile barkod_listesi.xlsx'teki barkod (8683581657980) farklı. Hangisi doğru? • 8683581657713 barkodu şu ürün(ler)de de kullanılmış: DNC-123 (Kelebek Maşa Seti Gümüş). Bir barkod yalnızca tek bir ürüne ait olmalı. Bu ürünün kutusundaki/etiketindeki gerçek barkodu yazın; bu barkod başka ürüne aitse bu ürüne yeni barkod verin. • 8683581657980 barkodu şu ürün(ler)de de kullanılmış: DNC-119 (6'LI MİDYE KAŞIK GOLD SİYAH SET). Bir barkod yalnızca tek bir ürüne ait olmalı. Bu ürünün kutusundaki/etiketindeki gerçek barkodu yazın; bu barkod başka ürüne aitse bu ürüne yeni barkod verin.
A69: DNC-084 | B69: Gökkuşağı 30 Parça Çatal-Kaşık-Bıçak Seti | C69: Çatal-Kaşık-Bıçak Seti | D69: 30 parça set | E69: Gökkuşağı | F69: Sade | G69: 30 parça | H69: 30 | J69: DNC-084 30 PRÇ GÖKKUŞAK ÇKB SET.btw | L69: GÖKKUŞAĞI | M69: DNC-084 30 PRÇ GÖKKUŞAK ÇKB SET | O69: 8683581657874 | P69: 8683581657874 | Q69: TAMAM
A70: DNC-017 | B70: Platin 36 Parça Çatal-Kaşık-Bıçak Seti | C70: Çatal-Kaşık-Bıçak Seti | D70: 36 parça set | E70: Platin | F70: Sade | G70: 36 parça | H70: 36 | J70: DNC-017 PLATİN 36 PRÇ Ç.K.B SET.btw | L70: PLATİN | M70: DNC-017 PLATİN 36 PRÇ Ç.K.B SET | O70: 8683581657478 | P70: 8683581657478 | Q70: TAMAM
A71: DNC-025 | B71: Platin 36 Parça Çatal-Kaşık-Bıçak Seti Titanium | C71: Çatal-Kaşık-Bıçak Seti | D71: 36 parça set | E71: Platin | F71: Titanium | G71: 36 parça | H71: 36 | J71: DNC-025 PLATİN 36 PRÇ TİTANİUM SET.btw | L71: PLATİN | M71: DNC-025 PLATİN 36 PRÇ TİTANİUM SET | O71: 8683581657539 | P71: 8683581657539 | Q71: TAMAM
A72: DNC-063 | B72: Gümüş 36 Parça Çatal-Kaşık-Bıçak Seti | C72: Çatal-Kaşık-Bıçak Seti | D72: 36 parça set | E72: Gümüş | F72: Sade | G72: 36 parça | H72: 36 | J72: DNC-063 GÜMÜŞ 36 PRÇ ÇKB SET.btw | L72: GÜMÜŞ | M72: DNC-063 GÜMÜŞ 36 PRÇ ÇKB SET | O72: 8683581657720 | P72: 8683581657720 | Q72: TAMAM
A73: DNC-073 | B73: Okyanus 36 Parça Çatal-Kaşık-Bıçak Seti | C73: Çatal-Kaşık-Bıçak Seti | D73: 36 parça set | E73: Okyanus | F73: Sade | G73: 36 parça | H73: 36 | J73: DNC-073 36 PRÇ OKYANUS ÇKB SET.btw | L73: OKYANUS | M73: DNC-073 36 PRÇ OKYANUS ÇKB SET | O73: 8683581657843 | P73: 8683581657843 | Q73: TAMAM
A74: DNC-085 | B74: Gökkuşağı 36 Parça Çatal-Kaşık-Bıçak Seti | C74: Çatal-Kaşık-Bıçak Seti | D74: 36 parça set | E74: Gökkuşağı | F74: Sade | G74: 36 parça | H74: 36 | J74: DNC-085 36 PRÇ GÖKKUŞAK ÇKB SET.btw | L74: GÖKKUŞAĞI | M74: DNC-085 36 PRÇ GÖKKUŞAK ÇKB SET | O74: 8683581657881 | P74: 8683581657881 | Q74: TAMAM
A75: DNC-018 | B75: Platin 60 Parça Çatal-Kaşık-Bıçak Seti | C75: Çatal-Kaşık-Bıçak Seti | D75: 60 parça set | E75: Platin | F75: Sade | G75: 60 parça | H75: 60 | J75: DNC-018 PLATİN 60 PRÇ Ç.K.B SET.btw | L75: PLATİN | M75: DNC-018 PLATİN 60 PRÇ Ç.K.B SET | O75: 8683581657485 | P75: 8683581657485 | Q75: TAMAM
A76: DNC-064 | B76: Gümüş 60 Parça Çatal-Kaşık-Bıçak Seti | C76: Çatal-Kaşık-Bıçak Seti | D76: 60 parça set | E76: Gümüş | F76: Sade | G76: 60 parça | H76: 60 | J76: DNC-064 GÜMÜŞ 60 PRÇ ÇKB SET.btw | L76: GÜMÜŞ | M76: DNC-064 GÜMÜŞ 60 PRÇ ÇKB SET | O76: 8683581657737 | P76: 8683581657737 | Q76: TAMAM
A77: DNC-074 | B77: Okyanus 60 Parça Çatal-Kaşık-Bıçak Seti | C77: Çatal-Kaşık-Bıçak Seti | D77: 60 parça set | E77: Okyanus | F77: Sade | G77: 60 parça | H77: 60 | J77: DNC-074 60 PRÇ OKYANUS ÇKB SET.btw | L77: OKYANUS | M77: DNC-074 60 PRÇ OKYANUS ÇKB SET | O77: 8683581657850 | P77: 8683581657850 | Q77: TAMAM
A78: DNC-086 | B78: Gökkuşağı 60 Parça Çatal-Kaşık-Bıçak Seti | C78: Çatal-Kaşık-Bıçak Seti | D78: 60 parça set | E78: Gökkuşağı | F78: Sade | G78: 60 parça | H78: 60 | J78: DNC-086 60 PRÇ GÖKKUŞAK ÇKB SET.btw | L78: GÖKKUŞAĞI | M78: DNC-086 60 PRÇ GÖKKUŞAK ÇKB SET | O78: 8683581657898 | P78: 8683581657898 | Q78: TAMAM
A79: DNC-019 | B79: Platin 72 Parça Çatal-Kaşık-Bıçak Seti | C79: Çatal-Kaşık-Bıçak Seti | D79: 72 parça set | E79: Platin | F79: Sade | G79: 72 parça | H79: 72 | J79: DNC-019 PLATİN 72 PRÇ Ç.K.B SET.btw | L79: PLATİN | M79: DNC-019 PLATİN 72 PRÇ Ç.K.B SET | O79: 8683581657492 | P79: 8683581657492 | Q79: TAMAM
A80: DNC-065 | B80: Gümüş 72 Parça Çatal-Kaşık-Bıçak Seti | C80: Çatal-Kaşık-Bıçak Seti | D80: 72 parça set | E80: Gümüş | F80: Sade | G80: 72 parça | H80: 72 | J80: DNC-065 GÜMÜŞ 72 PRÇ ÇKB SET.btw | L80: GÜMÜŞ | M80: DNC-065 GÜMÜŞ 72 PRÇ ÇKB SET | O80: 8683581657744 | P80: 8683581657744 | Q80: TAMAM
A81: DNC-077 | B81: Okyanus 72 Parça Çatal-Kaşık-Bıçak Seti | C81: Çatal-Kaşık-Bıçak Seti | D81: 72 parça set | E81: Okyanus | F81: Sade | G81: 72 parça | H81: 72 | J81: DNC-077 72 PRÇ OKYANUS ÇKB SET.btw | L81: OKYANUS | M81: DNC-077 72 PRÇ OKYANUS ÇKB SET | O81: 8683581657003 | P81: 8683581657003 | Q81: DÜZELTME GEREKLİ | R81: 8683581657003 barkodu şu ürün(ler)de de kullanılmış: DNC-001 (Platin Yemek Kaşığı (12'li)). Bir barkod yalnızca tek bir ürüne ait olmalı. Bu ürünün kutusundaki/etiketindeki gerçek barkodu yazın; bu barkod başka ürüne aitse bu ürüne yeni barkod verin.
A82: DNC-087 | B82: Gökkuşağı 72 Parça Çatal-Kaşık-Bıçak Seti | C82: Çatal-Kaşık-Bıçak Seti | D82: 72 parça set | E82: Gökkuşağı | F82: Sade | G82: 72 parça | H82: 72 | J82: DNC-087 72 PRÇ GÖKKUŞAK ÇKB SET.btw | L82: GÖKKUŞAĞI | M82: DNC-087 72 PRÇ GÖKKUŞAK ÇKB SET | O82: 8683581657904 | P82: 8683581657904 | Q82: TAMAM
A83: DNC-088 | B83: Platin 84 Parça Çatal-Kaşık-Bıçak Seti | C83: Çatal-Kaşık-Bıçak Seti | D83: 84 parça set | E83: Platin | F83: Sade | G83: 84 parça | H83: 84 | J83: DNC-088 PLATİN 84 PRÇ ÇKB SET.btw | L83: PLATİN | M83: DNC-088 PLATİN 84 PRÇ ÇKB SET | O83: 8683581657508 | P83: 8683581657508 | Q83: TAMAM
A84: — YOK — | B84: Gümüş 84 Parça Çatal-Kaşık-Bıçak Seti | C84: Çatal-Kaşık-Bıçak Seti | D84: 84 parça set | E84: Gümüş | F84: Sade | G84: 84 parça | H84: 84 | J84: GÜMÜŞ 84 PRÇ ÇKB SET.btw | L84: GÜMÜŞ | M84: GÜMÜŞ 84 PRÇ ÇKB SET | N84: Ürün kodu (DNC) yok — kod atanmalı. | O84: 8683581657751 | P84: 8683581657751 | Q84: DÜZELTME GEREKLİ | R84: Ürün kodu yok. Bu ürünün DNC kodunu "Doğru Ürün Kodu" sütununa yazın.
A85: DNC-020 | B85: Platin 89 Parça Çatal-Kaşık-Bıçak Seti | C85: Çatal-Kaşık-Bıçak Seti | D85: 89 parça set | E85: Platin | F85: Sade | G85: 89 parça | H85: 89 | J85: DNC-020 PLATİN 89 PRÇ Ç.K.B SET.btw | L85: PLATİN | M85: DNC-020 PLATİN 89 PRÇ Ç.K.B SET | O85: 8683581657515 | P85: 8683581657515 | Q85: TAMAM
A86: DNC-137 | B86: Platin 89 Parça Çatal-Kaşık-Bıçak Seti Titanium | C86: Çatal-Kaşık-Bıçak Seti | D86: 89 parça set | E86: Platin | F86: Titanium | G86: 89 parça | H86: 89 | J86: DNC-137 PLATİN 89 PRÇ TİTANİUM SET.btw | L86: PLATİN | M86: DNC-137 PLATİN 89 PRÇ TİTANİUM SET | O86: 8683613550470 | P86: 8683613550470 | Q86: TAMAM
A87: — YOK — | B87: Gümüş 89 Parça Çatal-Kaşık-Bıçak Seti | C87: Çatal-Kaşık-Bıçak Seti | D87: 89 parça set | E87: Gümüş | F87: Sade | G87: 89 parça | H87: 89 | J87: GÜMÜŞ 89 PRÇ ÇKB SET.btw | L87: GÜMÜŞ | M87: GÜMÜŞ 89 PRÇ ÇKB SET | N87: Ürün kodu (DNC) yok — kod atanmalı. | O87: 8683581657768 | P87: 8683581657768 | Q87: DÜZELTME GEREKLİ | R87: Ürün kodu yok. Bu ürünün DNC kodunu "Doğru Ürün Kodu" sütununa yazın.
A88: DNC-015 | B88: Platin 5'li Servis Seti | C88: Servis Ürünleri | D88: 5'li Servis Seti | E88: Platin | F88: Sade | G88: 5'li set | H88: 5 | J88: DNC-015 PLATİN SERVİS SETİ SADE.btw | L88: PLATİN | M88: DNC-015 PLATİN SERVİS SETİ SADE | N88: Adında '5'li' yazmıyor, 'Servis Seti Sade' — 5 parça varsayıldı. | O88: 8683581657638 | P88: 8683581657638 | Q88: TAMAM
A89: DNC-030 | B89: Platin 5'li Servis Seti Titanium | C89: Servis Ürünleri | D89: 5'li Servis Seti | E89: Platin | F89: Titanium | G89: 5'li set | H89: 5 | J89: DNC-030 PLATİN 5 PRÇ SERVİS SET TİTANİUM.btw | L89: PLATİN | M89: DNC-030 PLATİN 5 PRÇ SERVİS SET TİTANİUM | O89: 8683581657645 | P89: 8683581657645 | Q89: TAMAM
A90: DNC-062 | B90: Gümüş 5'li Servis Seti | C90: Servis Ürünleri | D90: 5'li Servis Seti | E90: Gümüş | F90: Sade | G90: 5'li set | H90: 5 | J90: DNC-062 GÜMÜŞ 5'Lİ SERVİS SETİ.btw | L90: GÜMÜŞ | M90: DNC-062 GÜMÜŞ 5'Lİ SERVİS SETİ | O90: 8683581657829 | P90: 8683581657829 | Q90: TAMAM
A91: DNC-012 | B91: Platin Servis Kaşığı | C91: Servis Ürünleri | D91: Servis Kaşığı | E91: Platin | F91: Sade | G91: Tekli | H91: 1 | J91: DNC-012 PLATİN SERVİS KAŞIK.btw | L91: PLATİN | M91: DNC-012 PLATİN SERVİS KAŞIK | O91: 8683581657119 | P91: 8683581657119 | Q91: TAMAM
A92: DNC-157 | B92: Platin Servis Kaşığı Titanium | C92: Servis Ürünleri | D92: Servis Kaşığı | E92: Platin | F92: Titanium | G92: Tekli | H92: 1 | J92: DNC_157 PLATİN SERVİS KAŞIK TİTANİUM.btw | L92: PLATİN | M92: DNC_157 PLATİN SERVİS KAŞIK TİTANİUM | O92: 8683613550609 | P92: 8683613550609 | Q92: TAMAM
A93: DNC-059 | B93: Gümüş Servis Kaşığı | C93: Servis Ürünleri | D93: Servis Kaşığı | E93: Gümüş | F93: Sade | G93: Tekli | H93: 1 | J93: DNC-059 1 AD GÜMÜŞ SERVİS KAŞIK.btw | L93: GÜMÜŞ | M93: DNC-059 1 AD GÜMÜŞ SERVİS KAŞIK | O93: 8683581657263 | P93: 8683581657263 | Q93: TAMAM
A94: DNC-010 | B94: Platin Servis Kepçesi | C94: Servis Ürünleri | D94: Servis Kepçesi | E94: Platin | F94: Sade | G94: Tekli | H94: 1 | J94: DNC-010 PLATİN SERVİS KEPÇE.btw | L94: PLATİN | M94: DNC-010 PLATİN SERVİS KEPÇE | O94: 8683581657096 | P94: 8683581657096 | Q94: TAMAM
A95: DNC-147 | B95: Platin Servis Kepçesi Titanium | C95: Servis Ürünleri | D95: Servis Kepçesi | E95: Platin | F95: Titanium | G95: Tekli | H95: 1 | J95: DNC_147 PLATİN SERVİS KEPÇE TİTANİUM.btw | L95: PLATİN | M95: DNC_147 PLATİN SERVİS KEPÇE TİTANİUM | O95: 8683613550586 | P95: 8683613550586 | Q95: TAMAM
A96: DNC-057 | B96: Gümüş Servis Kepçesi | C96: Servis Ürünleri | D96: Servis Kepçesi | E96: Gümüş | F96: Sade | G96: Tekli | H96: 1 | J96: DNC-057 1 AD GÜMÜŞ SERVİS KEPÇE.btw | L96: GÜMÜŞ | M96: DNC-057 1 AD GÜMÜŞ SERVİS KEPÇE | O96: 8683581657249 | P96: 8683581657249 | Q96: TAMAM
A97: DNC-011 | B97: Platin Servis Kevgiri | C97: Servis Ürünleri | D97: Servis Kevgiri | E97: Platin | F97: Sade | G97: Tekli | H97: 1 | J97: DNC-011 PLATİN SERVİS KEVGİR.btw | L97: PLATİN | M97: DNC-011 PLATİN SERVİS KEVGİR | O97: 8683581657102 | P97: 8683581657102 | Q97: TAMAM
A98: DNC-149 | B98: Platin Servis Kevgiri Titanium | C98: Servis Ürünleri | D98: Servis Kevgiri | E98: Platin | F98: Titanium | G98: Tekli | H98: 1 | J98: DNC_149 PLATİN SERVİS KEVGİR TİTANİUM.btw | L98: PLATİN | M98: DNC_149 PLATİN SERVİS KEVGİR TİTANİUM | O98: 8683613550562 | P98: 8683613550562 | Q98: TAMAM
A99: DNC-058 | B99: Gümüş Servis Kevgiri | C99: Servis Ürünleri | D99: Servis Kevgiri | E99: Gümüş | F99: Sade | G99: Tekli | H99: 1 | J99: DNC-058 1 AD GÜMÜŞ SERVİS KEVGİR.btw | L99: GÜMÜŞ | M99: DNC-058 1 AD GÜMÜŞ SERVİS KEVGİR | O99: 8683581657256 | P99: 8683581657256 | Q99: TAMAM
A100: DNC-013 | B100: Platin Servis Spatulası | C100: Servis Ürünleri | D100: Servis Spatulası | E100: Platin | F100: Sade | G100: Tekli | H100: 1 | J100: DNC-013 PLATİN SERVİS SPATULA.btw | L100: PLATİN | M100: DNC-013 PLATİN SERVİS SPATULA | O100: 8683581657126 | P100: 8683581657126 | Q100: TAMAM
...

Sheet Özet
A1: Ana Kategori × Model (adet = ürün/SKU sayısı)
A3: Ana Kategori | B3: Platin | C3: Gümüş | D3: Okyanus | E3: Gökkuşağı | F3: Damla | G3: Kelebek | H3: Zerafet | I3: TOPLAM
A4: Kaşık | B4: =COUNTIFS('Ürün Listesi'!$C$2:$C$139,$A4,'Ürün Listesi'!$E$2:$E$139,B$3) | C4: =COUNTIFS('Ürün Listesi'!$C$2:$C$139,$A4,'Ürün Listesi'!$E$2:$E$139,C$3) | D4: =COUNTIFS('Ürün Listesi'!$C$2:$C$139,$A4,'Ürün Listesi'!$E$2:$E$139,D$3) | E4: =COUNTIFS('Ürün Listesi'!$C$2:$C$139,$A4,'Ürün Listesi'!$E$2:$E$139,E$3) | F4: =COUNTIFS('Ürün Listesi'!$C$2:$C$139,$A4,'Ürün Listesi'!$E$2:$E$139,F$3) | G4: =COUNTIFS('Ürün Listesi'!$C$2:$C$139,$A4,'Ürün Listesi'!$E$2:$E$139,G$3) | H4: =COUNTIFS('Ürün Listesi'!$C$2:$C$139,$A4,'Ürün Listesi'!$E$2:$E$139,H$3) | I4: =SUM(B4:H4)
A5: Çatal | B5: =COUNTIFS('Ürün Listesi'!$C$2:$C$139,$A5,'Ürün Listesi'!$E$2:$E$139,B$3) | C5: =COUNTIFS('Ürün Listesi'!$C$2:$C$139,$A5,'Ürün Listesi'!$E$2:$E$139,C$3) | D5: =COUNTIFS('Ürün Listesi'!$C$2:$C$139,$A5,'Ürün Listesi'!$E$2:$E$139,D$3) | E5: =COUNTIFS('Ürün Listesi'!$C$2:$C$139,$A5,'Ürün Listesi'!$E$2:$E$139,E$3) | F5: =COUNTIFS('Ürün Listesi'!$C$2:$C$139,$A5,'Ürün Listesi'!$E$2:$E$139,F$3) | G5: =COUNTIFS('Ürün Listesi'!$C$2:$C$139,$A5,'Ürün Listesi'!$E$2:$E$139,G$3) | H5: =COUNTIFS('Ürün Listesi'!$C$2:$C$139,$A5,'Ürün Listesi'!$E$2:$E$139,H$3) | I5: =SUM(B5:H5)
A6: Bıçak | B6: =COUNTIFS('Ürün Listesi'!$C$2:$C$139,$A6,'Ürün Listesi'!$E$2:$E$139,B$3) | C6: =COUNTIFS('Ürün Listesi'!$C$2:$C$139,$A6,'Ürün Listesi'!$E$2:$E$139,C$3) | D6: =COUNTIFS('Ürün Listesi'!$C$2:$C$139,$A6,'Ürün Listesi'!$E$2:$E$139,D$3) | E6: =COUNTIFS('Ürün Listesi'!$C$2:$C$139,$A6,'Ürün Listesi'!$E$2:$E$139,E$3) | F6: =COUNTIFS('Ürün Listesi'!$C$2:$C$139,$A6,'Ürün Listesi'!$E$2:$E$139,F$3) | G6: =COUNTIFS('Ürün Listesi'!$C$2:$C$139,$A6,'Ürün Listesi'!$E$2:$E$139,G$3) | H6: =COUNTIFS('Ürün Listesi'!$C$2:$C$139,$A6,'Ürün Listesi'!$E$2:$E$139,H$3) | I6: =SUM(B6:H6)
A7: Çatal-Kaşık-Bıçak Seti | B7: =COUNTIFS('Ürün Listesi'!$C$2:$C$139,$A7,'Ürün Listesi'!$E$2:$E$139,B$3) | C7: =COUNTIFS('Ürün Listesi'!$C$2:$C$139,$A7,'Ürün Listesi'!$E$2:$E$139,C$3) | D7: =COUNTIFS('Ürün Listesi'!$C$2:$C$139,$A7,'Ürün Listesi'!$E$2:$E$139,D$3) | E7: =COUNTIFS('Ürün Listesi'!$C$2:$C$139,$A7,'Ürün Listesi'!$E$2:$E$139,E$3) | F7: =COUNTIFS('Ürün Listesi'!$C$2:$C$139,$A7,'Ürün Listesi'!$E$2:$E$139,F$3) | G7: =COUNTIFS('Ürün Listesi'!$C$2:$C$139,$A7,'Ürün Listesi'!$E$2:$E$139,G$3) | H7: =COUNTIFS('Ürün Listesi'!$C$2:$C$139,$A7,'Ürün Listesi'!$E$2:$E$139,H$3) | I7: =SUM(B7:H7)
A8: Servis Ürünleri | B8: =COUNTIFS('Ürün Listesi'!$C$2:$C$139,$A8,'Ürün Listesi'!$E$2:$E$139,B$3) | C8: =COUNTIFS('Ürün Listesi'!$C$2:$C$139,$A8,'Ürün Listesi'!$E$2:$E$139,C$3) | D8: =COUNTIFS('Ürün Listesi'!$C$2:$C$139,$A8,'Ürün Listesi'!$E$2:$E$139,D$3) | E8: =COUNTIFS('Ürün Listesi'!$C$2:$C$139,$A8,'Ürün Listesi'!$E$2:$E$139,E$3) | F8: =COUNTIFS('Ürün Listesi'!$C$2:$C$139,$A8,'Ürün Listesi'!$E$2:$E$139,F$3) | G8: =COUNTIFS('Ürün Listesi'!$C$2:$C$139,$A8,'Ürün Listesi'!$E$2:$E$139,G$3) | H8: =COUNTIFS('Ürün Listesi'!$C$2:$C$139,$A8,'Ürün Listesi'!$E$2:$E$139,H$3) | I8: =SUM(B8:H8)
A9: Sos Servis Ürünleri | B9: =COUNTIFS('Ürün Listesi'!$C$2:$C$139,$A9,'Ürün Listesi'!$E$2:$E$139,B$3) | C9: =COUNTIFS('Ürün Listesi'!$C$2:$C$139,$A9,'Ürün Listesi'!$E$2:$E$139,C$3) | D9: =COUNTIFS('Ürün Listesi'!$C$2:$C$139,$A9,'Ürün Listesi'!$E$2:$E$139,D$3) | E9: =COUNTIFS('Ürün Listesi'!$C$2:$C$139,$A9,'Ürün Listesi'!$E$2:$E$139,E$3) | F9: =COUNTIFS('Ürün Listesi'!$C$2:$C$139,$A9,'Ürün Listesi'!$E$2:$E$139,F$3) | G9: =COUNTIFS('Ürün Listesi'!$C$2:$C$139,$A9,'Ürün Listesi'!$E$2:$E$139,G$3) | H9: =COUNTIFS('Ürün Listesi'!$C$2:$C$139,$A9,'Ürün Listesi'!$E$2:$E$139,H$3) | I9: =SUM(B9:H9)
A10: Maşa | B10: =COUNTIFS('Ürün Listesi'!$C$2:$C$139,$A10,'Ürün Listesi'!$E$2:$E$139,B$3) | C10: =COUNTIFS('Ürün Listesi'!$C$2:$C$139,$A10,'Ürün Listesi'!$E$2:$E$139,C$3) | D10: =COUNTIFS('Ürün Listesi'!$C$2:$C$139,$A10,'Ürün Listesi'!$E$2:$E$139,D$3) | E10: =COUNTIFS('Ürün Listesi'!$C$2:$C$139,$A10,'Ürün Listesi'!$E$2:$E$139,E$3) | F10: =COUNTIFS('Ürün Listesi'!$C$2:$C$139,$A10,'Ürün Listesi'!$E$2:$E$139,F$3) | G10: =COUNTIFS('Ürün Listesi'!$C$2:$C$139,$A10,'Ürün Listesi'!$E$2:$E$139,G$3) | H10: =COUNTIFS('Ürün Listesi'!$C$2:$C$139,$A10,'Ürün Listesi'!$E$2:$E$139,H$3) | I10: =SUM(B10:H10)
A11: Sunum / Sosluk | B11: =COUNTIFS('Ürün Listesi'!$C$2:$C$139,$A11,'Ürün Listesi'!$E$2:$E$139,B$3) | C11: =COUNTIFS('Ürün Listesi'!$C$2:$C$139,$A11,'Ürün Listesi'!$E$2:$E$139,C$3) | D11: =COUNTIFS('Ürün Listesi'!$C$2:$C$139,$A11,'Ürün Listesi'!$E$2:$E$139,D$3) | E11: =COUNTIFS('Ürün Listesi'!$C$2:$C$139,$A11,'Ürün Listesi'!$E$2:$E$139,E$3) | F11: =COUNTIFS('Ürün Listesi'!$C$2:$C$139,$A11,'Ürün Listesi'!$E$2:$E$139,F$3) | G11: =COUNTIFS('Ürün Listesi'!$C$2:$C$139,$A11,'Ürün Listesi'!$E$2:$E$139,G$3) | H11: =COUNTIFS('Ürün Listesi'!$C$2:$C$139,$A11,'Ürün Listesi'!$E$2:$E$139,H$3) | I11: =SUM(B11:H11)
A12: Belirsiz | B12: =COUNTIFS('Ürün Listesi'!$C$2:$C$139,$A12,'Ürün Listesi'!$E$2:$E$139,B$3) | C12: =COUNTIFS('Ürün Listesi'!$C$2:$C$139,$A12,'Ürün Listesi'!$E$2:$E$139,C$3) | D12: =COUNTIFS('Ürün Listesi'!$C$2:$C$139,$A12,'Ürün Listesi'!$E$2:$E$139,D$3) | E12: =COUNTIFS('Ürün Listesi'!$C$2:$C$139,$A12,'Ürün Listesi'!$E$2:$E$139,E$3) | F12: =COUNTIFS('Ürün Listesi'!$C$2:$C$139,$A12,'Ürün Listesi'!$E$2:$E$139,F$3) | G12: =COUNTIFS('Ürün Listesi'!$C$2:$C$139,$A12,'Ürün Listesi'!$E$2:$E$139,G$3) | H12: =COUNTIFS('Ürün Listesi'!$C$2:$C$139,$A12,'Ürün Listesi'!$E$2:$E$139,H$3) | I12: =SUM(B12:H12)
A13: TOPLAM | B13: =SUM(B4:B12) | C13: =SUM(C4:C12) | D13: =SUM(D4:D12) | E13: =SUM(E4:E12) | F13: =SUM(F4:F12) | G13: =SUM(G4:G12) | H13: =SUM(H4:H12) | I13: =SUM(I4:I12)
A15: Barkod dosyası olan ürün | B15: =COUNTIF('Ürün Listesi'!$J$2:$J$139,"*.btw")
A16: Barkodsuz (sadece foto) | B16: =COUNTIF('Ürün Listesi'!$J$2:$J$139,"— yok —")
A17: Kontrol notu olan satır | B17: =COUNTIF('Ürün Listesi'!$N$2:$N$139,"?*")
A19: Kaplama dağılımı
A20: Sade | B20: =COUNTIF('Ürün Listesi'!$F$2:$F$139,A20)
A21: Titanium | B21: =COUNTIF('Ürün Listesi'!$F$2:$F$139,A21)
A22: Mat Titanium | B22: =COUNTIF('Ürün Listesi'!$F$2:$F$139,A22)
A23: Gold | B23: =COUNTIF('Ürün Listesi'!$F$2:$F$139,A23)
A24: Mira Gold | B24: =COUNTIF('Ürün Listesi'!$F$2:$F$139,A24)
A25: Antik Gold | B25: =COUNTIF('Ürün Listesi'!$F$2:$F$139,A25)
A26: Gümüş | B26: =COUNTIF('Ürün Listesi'!$F$2:$F$139,A26)

Sheet Kontrol Edilecekler
A1: Konu | B1: Detay
A2: Kodsuz barkodlar | B2: GÜMÜŞ klasöründe "GÜMÜŞ 84 PRÇ ÇKB SET" ve "GÜMÜŞ 89 PRÇ ÇKB SET" dosyalarında DNC kodu yok.
A3: Barkodu olmayan kodlu ürünler | B3: DNC-021, DNC-022 (Platin Mira Gold?), DNC-151, DNC-152 (Kelebek sosluk), DNC-175, 176, 177, 179 (Mira Gold sos servis) — sadece foto var, .btw yok.
A4: Yazım hataları | B4: DNC-0052 (→ DNC-052), "DNC-037 SALATA MAŞASI [430)", "DNC-163OKYANUS" (boşluk yok). Kodlarda DNC- ve DNC_ karışık kullanılmış.
A5: Yanlış klasör | B5: DNC-120 ve DNC-123 Kelebek maşa setleri "DAMLA MODEL MAŞA FOTOĞRAFLARI" klasöründe.
A6: Kaplama çelişkisi | B6: DNC-155: barkodda Titanium, fotoda Gold. DNC-172: barkodda Mat Titanium, fotoda Mat Gold.
A7: Mira Gold | B7: DNC-021/022 Platin klasöründe, DNC-173/175-179 Okyanus klasöründe "Mira Gold" geçiyor. Ayrı bir model mi, kaplama adı mı netleştir.
A8: Kod sıralamasındaki boşluklar | B8: 016, 023, 024, 026, 027, 028, 031, 032, 033, 034, 035, 039, 041, 042, 043, 044, 045, 046, 047, 048, 072, 075, 076, 117, 118, 119, 121, 124, 126, 127, 128, 129, 130, 131, 132, 133, 134, 135, 136, 138, 141, 142, 143, 144, 145, 146, 148, 150, 153, 154, 156, 174, 178, 180, 181, 182, 183, 184, 185, 193, 194, 195, 196, 197, 198, 199, 200, 201, 202, 203, 204, 207, 208 — bu numaralarda hiçbir dosya yok (üretilmeyen, eski ya da barkodu kayıp ürünler olabilir; ör. DNC-178 büyük ihtimalle Mira Gold sos spatula).
A9: Barkod numaraları | B9: .btw (BarTender) dosyaları sıkıştırılmış formatta, içindeki EAN numarası dışarıdan okunamadı. Numaraları eklemek için BarTender'dan dışa aktarım (CSV) gerekiyor.

Sheet Fotoğraflar
A1: Klasör | B1: Dosya | C1: Dosya Adındaki Kod | D1: Eşleşecek Ürün Kodu (sen doldur)
A2: DAMLA MODEL MAŞA FOTOĞRAFLARI | B2: 3,LÜ_MAŞA_SET_SADE.JPG
A3: DAMLA MODEL MAŞA FOTOĞRAFLARI | B3: DAMLA MODEL GOLD MAŞA SET (altın).JPG
A4: DAMLA MODEL MAŞA FOTOĞRAFLARI | B4: DAMLA MODEL SADE MAŞA.jpg
A5: DAMLA MODEL MAŞA FOTOĞRAFLARI | B5: DNC-040 3'LÜ MAŞA SET TİTANİUM.jpeg | C5: DNC-040 | D5: DNC-040
A6: DAMLA MODEL MAŞA FOTOĞRAFLARI | B6: DNC_120 GOLD KELEBEK MAŞA SET.jpeg | C6: DNC-120 | D6: DNC-120
A7: DAMLA MODEL MAŞA FOTOĞRAFLARI | B7: DNC_139 DAMLA SADE MAŞA SET.jpeg | C7: DNC-139 | D7: DNC-139
A8: DAMLA MODEL MAŞA FOTOĞRAFLARI | B8: DSC_1744.JPG
A9: DAMLA MODEL MAŞA FOTOĞRAFLARI | B9: DSC_1745.JPG
A10: DAMLA MODEL MAŞA FOTOĞRAFLARI | B10: DSC_1746.JPG
A11: DAMLA MODEL MAŞA FOTOĞRAFLARI | B11: DSC_1747.JPG
A12: DAMLA MODEL MAŞA FOTOĞRAFLARI | B12: DSC_1790.JPG
A13: DAMLA MODEL MAŞA FOTOĞRAFLARI | B13: DSC_1791.JPG
A14: DAMLA MODEL MAŞA FOTOĞRAFLARI | B14: MAŞASETSADE (2).jpeg
A15: DAMLA MODEL MAŞA FOTOĞRAFLARI | B15: MAŞASETSADE.jpeg
A16: GÖKKUŞAĞI/GÖKKUŞAK MODEL FOTOĞRAF | B16: GÖKKUŞAK.jpeg
A17: GÖKKUŞAĞI/GÖKKUŞAK MODEL FOTOĞRAF | B17: GÖKKUŞAKMODEL.jpeg
A18: GÖKKUŞAĞI/GÖKKUŞAK MODEL FOTOĞRAF | B18: GÖKKUŞAĞI.mp4
A19: GÜMÜŞ/GÜMÜŞ MODEL FOTOGRAFLAR | B19: GMŞ_SERVİS_SET.JPG
... A25: GÜMÜŞ/GÜMÜŞ MODEL FOTOGRAFLAR | B25: WhatsApp Image 2026-08-12 at 09.21.43.jpeg
A26: KELEBEK SUNUM SOSLUK FOTOGRAFI | B26: DNC_151 GOLD KELEBEK SUNUM SOSLUK.jpeg | C26: DNC-151 | D26: DNC-151
A27: KELEBEK SUNUM SOSLUK FOTOGRAFI | B27: DNC_152 GÜMÜŞ KELEBEK SUNUM SOSLUK.jpeg | C27: DNC-152 | D27: DNC-152
A28: KELEBEK SUNUM SOSLUK FOTOGRAFI | B28: WhatsApp Image 2026-08-27 at 10.19.54 (1).jpeg
A29: KELEBEK SUNUM SOSLUK FOTOGRAFI | B29: WhatsApp Image 2026-08-27 at 10.19.54 (2).jpeg
A30: KELEBEK SUNUM SOSLUK FOTOGRAFI | B30: WhatsApp Image 2026-08-27 at 10.19.54 (3).jpeg
A31: KELEBEK SUNUM SOSLUK FOTOGRAFI | B31: WhatsApp Image 2026-08-27 at 10.19.54.jpeg
A32: OKYANUS | B32: DNC_173 5,Lİ SOS SERVİS SET MİRA GOLD.jpeg | C32: DNC-173 | D32: DNC-173
A33: OKYANUS | B33: DNC_175 MİRA GOLD SOS SERVİS KEPÇE.jpeg | C33: DNC-175 | D33: DNC-175
A34: OKYANUS | B34: DNC_176 MİRA GOLD SOS SERVİS KEVGİR.jpeg | C34: DNC-176 | D34: DNC-176
A35: OKYANUS | B35: DNC_177 MİRA GOLD SOS SERVİS KAŞIK.jpeg | C35: DNC-177 | D35: DNC-177
A36: OKYANUS | B36: DNC_179 MİRA GOLD SOS SERVİS ÇATAL.jpeg | C36: DNC-179 | D36: DNC-179
A37: OKYANUS/OKYANUS MODEL FOTOGRAFLAR | B37: DNC172.jpg | C37: DNC-172 | D37: DNC-172
A38: OKYANUS/OKYANUS MODEL FOTOGRAFLAR | B38: DNC_172 SOS SERVİS SETMAT GOLD.jpg | C38: DNC-172 | D38: DNC-172
A39: OKYANUS/OKYANUS MODEL FOTOGRAFLAR | B39: IMG_7958.jpg
A40: OKYANUS/OKYANUS MODEL FOTOGRAFLAR | B40: IMG_8006.jpg
A41: OKYANUS/OKYANUS MODEL FOTOGRAFLAR | B41: OKYANUS.jpeg
A42: OKYANUS/OKYANUS MODEL FOTOGRAFLAR | B42: OKYANUSMODEL Ç.K.B SET.jpg
A43: OKYANUS/OKYANUS MODEL FOTOGRAFLAR | B43: SOS_SERVİS_ALTIN_KAPLAMA.jpg
A44: OKYANUS/OKYANUS MODEL FOTOGRAFLAR | B44: SOS_SERVİS_SETİ_ALTIN_KAPLAMA_2.jpg
A45: OKYANUS/OKYANUS MODEL FOTOGRAFLAR | B45: SOS_SERVİS_SETİ_TİTANİUM.jpg
A46: PLATİN/PLATİN MODEL FOTOGRALAR | B46: DNC-097 6'LI PLATİN DONDURMA KAŞIK.jpeg | C46: DNC-097 | D46: DNC-097
A47: PLATİN/PLATİN MODEL FOTOGRALAR | B47: DNC_021 MİRA GOLD.jpg | C47: DNC-021 | D47: DNC-021
A48: PLATİN/PLATİN MODEL FOTOGRALAR | B48: DNC_022 MİRA GOLD.jpg | C48: DNC-022 | D48: DNC-022
A49: PLATİN/PLATİN MODEL FOTOGRALAR | B49: DNC_022.jpg | C49: DNC-022 | D49: DNC-022
A50: PLATİN/PLATİN MODEL FOTOGRALAR | B50: DNC_096 6,LI NESTCAFE KAŞIK.jpeg | C50: DNC-096 | D50: DNC-096
A51: PLATİN/PLATİN MODEL FOTOGRALAR | B51: DNC_155 6,LIGOLD DONDURMAKAŞIK.jpeg | C51: DNC-155 | D51: DNC-155
A52: PLATİN/PLATİN MODEL FOTOGRALAR | B52: DNC_155 6,LIGOLDDONDURMAKAŞIKKUTULU.jpeg | C52: DNC-155 | D52: DNC-155
A53: PLATİN/PLATİN MODEL FOTOGRALAR | B53: DNC_21.jpg | C53: DNC-021 | D53: DNC-021
A54: PLATİN/PLATİN MODEL FOTOGRALAR | B54: IMG-20210107-WA0010.jpg
A55: PLATİN/PLATİN MODEL FOTOGRALAR | B55: IMG_20210117_230305_164.jpg
A56: PLATİN/PLATİN MODEL FOTOGRALAR | B56: PLATİN_SERVİS_SET.JPG
A57: PLATİN/PLATİN MODEL FOTOGRALAR | B57: PLT SERVİS GOLD.jpg
A58: PLATİN/PLATİN MODEL FOTOGRALAR | B58: PLT SERVİİS.jpg
A59: PLATİN/PLATİN MODEL FOTOGRALAR | B59: PLT Ç.K.B.jpg
A60: PLATİN/PLATİN MODEL FOTOGRALAR | B60: kutulu set.jpg
A61: PLATİN/PLATİN MODEL FOTOGRALAR | B61: nknjkn.png
A62: PLATİN/PLATİN MODEL FOTOGRALAR | B62: platin titanium servis set.JPG
A63: PLATİN/PLATİN MODEL FOTOGRALAR | B63: servistk.jpg
A64: PLATİN/PLATİN MODEL FOTOGRALAR | B64: titanium servis set.JPG
A65: ZERAFET MODEL SOS SUNUMLUKLAR/ZERAFET MODEL FOTOGRAFLAR | B65: DNC_205 ZERAFET GÜMÜŞ SUNUM SOSLUK.jpeg | C65: DNC-205 | D65: DNC-205
A66: ZERAFET MODEL SOS SUNUMLUKLAR/ZERAFET MODEL FOTOGRAFLAR | B66: DNC_206 ZERAFET GOLD DUNUMLUK SOSLUK.jpeg | C66: DNC-206 | D66: DNC-206
A67: ZERAFET MODEL SOS SUNUMLUKLAR/ZERAFET MODEL FOTOGRAFLAR | B67: DNC_209 (2).jpeg | C67: DNC-209 | D67: DNC-209
A68: ZERAFET MODEL SOS SUNUMLUKLAR/ZERAFET MODEL FOTOGRAFLAR | B68: DNC_209 ZERAFET ANTİK MAT GOLD SUNUMLUK SET.jpeg | C68: DNC-209 | D68: DNC-209
